,noise,distortion,hdToTestRobustTime,hdToTestTime,avSurfDistToTestTime,myRobustHdTime,myHdTime,mymedianHdTime,olivieraTime,hdToTestRobustValue,hdToTestValue ,myRobustHdValue,myHdValue,mymeanHdValue,olivieraValue,avSurfDistToTestValue,WIDTH,HEIGHT,DEPTH,hdToTestValue,translations
0,0.0,0.0,2.0616230499999997,2.0928537500000015,2.1076063000000005,0.06462490000000187,0.013598449999999929,0.0176954500000015,0.1302381,180.13636501063783,294.8762452284009,85.0,118.0,36.061180114746094,115.0,233.71094523750983,336.0,250.0,371.0,294.8762452284009,0.0
1,0.0,0.0,1.9104313000000026,1.9572760999999979,1.909922299999998,0.053804700000000594,0.013339750000000095,0.02563299999999913,0.3155366,1.0,118.85285019720814,40.0,75.0,5.958008766174316,78.0,39.60232288099588,336.0,250.0,371.0,118.85285019720814,0.0
2,0.0,0.0,1.6396937499999993,1.7210942000000031,1.7246701999999985,0.04693960000000175,0.03178799999999882,0.01879664999999875,0.330052,1.0,136.0514608521349,38.0,61.0,10.902582168579102,62.0,66.5935748461789,336.0,250.0,371.0,136.0514608521349,0.0
3,0.0,0.0,5.8903721999999945,5.9146512999999885,5.908694150000002,0.04129414999999881,0.015339850000003707,0.04440035000000364,0.2993018,6.0,305.8414621989635,35.0,97.0,7.090909481048584,96.0,106.31858928937622,336.0,250.0,371.0,305.8414621989635,0.0
4,0.0,0.0,2.079722650000008,2.0967356499999994,2.09805025,0.06305120000000386,0.014100349999992545,0.017555599999994342,0.3572516,180.13636501063783,294.8762452284009,85.0,118.0,36.06117630004883,115.0,233.71094523750986,336.0,250.0,371.0,294.8762452284009,0.0
5,0.0,0.0,2.846673700000011,2.814848150000003,2.8217141000000083,0.0446401000000094,0.02736465000000976,0.016796800000008716,0.3721037,246.43221379518155,325.9509165503297,96.0,129.0,46.775428771972656,125.0,284.6557419078855,336.0,250.0,371.0,325.9509165503297,0.0
6,0.0,0.0,1.0945768999999927,1.1815497499999879,1.1326467500000206,0.06986790000001974,0.012602000000015323,0.013830099999978529,0.3692213,112.16505694733989,224.8399430706208,66.0,90.0,43.039485931396484,91.0,161.46448400670872,336.0,250.0,371.0,224.8399430706208,0.0
7,0.0,0.0,5.508342150000004,5.491120850000016,5.468772450000017,0.058623000000011416,0.016811749999988024,0.02379239999999072,0.3936208,3.0,328.28189106315324,102.0,140.0,40.36933517456055,150.0,130.62480123407522,336.0,250.0,371.0,328.28189106315324,0.0
8,0.0,0.0,1.884031250000021,1.9409129000000007,1.9446569000000125,0.05275410000001557,0.01431744999999296,0.01932360000000699,0.3476921,1.0,118.85285019720814,40.0,75.0,5.958012104034424,78.0,39.60232288099588,336.0,250.0,371.0,118.85285019720814,0.0
9,0.0,0.0,2.8034203500000103,2.8064925500000015,2.763972750000022,0.06202594999999178,0.013472250000006625,0.016537350000021434,0.3750186,246.43221379518155,325.9509165503297,96.0,129.0,46.9219856262207,125.0,284.6557419078855,336.0,250.0,371.0,325.9509165503297,0.0
10,0.0,0.0,1.8937767000000179,1.9582977000000028,1.9353464000000145,0.04235109999999054,0.01323590000001218,0.015433099999995648,0.1745664,28.903597132648677,156.556698994326,25.0,60.0,7.021943092346191,61.0,84.88179969141953,336.0,250.0,371.0,156.556698994326,0.0
11,0.0,0.0,5.701623400000017,5.644740500000012,5.615793800000006,0.039691849999996975,0.032188100000041686,0.02137725000000046,0.2151557,1.0,311.82847849418755,11.0,34.0,2.5106234550476074,35.0,115.93727303045043,336.0,250.0,371.0,311.82847849418755,0.0
12,0.0,0.0,1.7134211499999878,1.6758267499999988,1.7210582000000159,0.050500250000027336,0.014119649999997819,0.01874129999998786,0.2164457,1.0,136.0514608521349,37.0,61.0,10.902582168579102,62.0,66.5935748461789,336.0,250.0,371.0,136.0514608521349,0.0
13,0.0,0.0,1.0894480499999872,1.150660749999986,1.1520934999999781,0.0534262499999727,0.012466799999970135,0.013761699999975008,0.3992473,112.16505694733989,224.8399430706208,66.0,90.0,43.039485931396484,91.0,161.46448400670872,336.0,250.0,371.0,224.8399430706208,0.0
14,0.0,0.0,1.8999188000000231,1.9420671999999968,1.935839699999974,0.04413819999996349,0.03326950000001716,0.01878535000003012,0.3637625,28.903597132648677,156.556698994326,25.0,60.0,7.040574073791504,61.0,84.88179969141952,336.0,250.0,371.0,156.556698994326,0.0
15,0.0,0.0,5.650218349999989,5.618657299999995,5.613081999999963,0.046944650000000365,0.014605850000009468,0.02198334999997087,0.3967578,12.806248474865697,192.27844392963036,47.0,65.0,18.56029510498047,76.0,78.99152639145665,336.0,250.0,371.0,192.27844392963036,0.0
16,0.0,0.0,5.892406149999999,5.928663350000022,5.847172950000015,0.05360070000000405,0.015142000000025746,0.03644480000002659,0.3178641,6.0,305.8414621989635,35.0,97.0,7.090909481048584,96.0,106.31858928937616,336.0,250.0,371.0,305.8414621989635,0.0
17,0.0,0.0,5.45548249999996,5.474477899999954,5.499157050000008,0.06018984999997201,0.01674860000002809,0.02350415000000794,0.2860455,3.0,328.28189106315324,102.0,140.0,40.29641342163086,150.0,130.62480123407522,336.0,250.0,371.0,328.28189106315324,0.0
18,0.0,0.0,5.687159599999973,5.664331199999992,5.68591895000003,0.040454399999987345,0.019425700000056167,0.021901749999983622,0.1024013,1.0,311.82847849418755,11.0,34.0,2.5101637840270996,35.0,115.93727303045048,336.0,250.0,371.0,311.82847849418755,0.0
19,0.0,0.0,5.58453535000001,5.625394350000079,5.552157700000066,0.046376049999935276,0.033739949999926466,0.021909600000071805,0.3945855,12.806248474865697,192.27844392963036,46.0,65.0,18.56029510498047,76.0,78.99152639145667,336.0,250.0,371.0,192.27844392963036,0.0
20,0.0,0.0,2.4489911499999835,2.4645751499999733,2.4055518999999776,0.01667910000003303,0.019326200000023164,0.023570199999994657,0.5341535,161.63047359258007,276.00543472910095,100.0,150.0,32.710323333740234,151.0,207.06531117152937,346.0,299.0,611.0,276.00543472910095,0.0
21,0.0,0.0,4.996230849999961,5.0262484999999515,5.055850000000078,0.06080484999995406,0.029685249999943153,0.04059545000006892,0.4138297,1.0,247.5863485735835,44.0,113.0,9.290090560913086,117.0,89.26868311014626,346.0,299.0,611.0,247.5863485735835,0.0
22,0.0,0.0,1.869520849999958,1.883035399999926,1.9092235000000528,0.05912654999997358,0.021015349999970567,0.025415850000058526,0.352528,1.0,133.91415160467545,62.0,98.0,17.72349739074707,99.0,67.46454211333939,346.0,299.0,611.0,133.91415160467545,0.0
23,0.0,0.0,10.899630849999994,10.886714650000044,10.80473619999998,0.019681249999962347,0.025716249999959473,0.035952599999973245,0.6176365,8.246211251235321,305.38664017929796,62.0,166.0,11.218389511108398,167.0,134.1339538979911,346.0,299.0,611.0,305.38664017929796,0.0
24,0.0,0.0,2.452476499999989,2.445807400000035,2.400790949999987,0.043305099999997765,0.038171899999952075,0.023940700000025572,0.5566625,161.63047359258007,276.00543472910095,99.0,150.0,32.883026123046875,151.0,207.0653111715294,346.0,299.0,611.0,276.00543472910095,0.0
25,0.0,0.0,6.230751549999923,6.266416700000036,6.353205450000019,0.05175214999997024,0.02832805000002736,0.040690699999913704,0.6511969,215.46295039097765,502.39924363000387,122.0,183.0,51.710540771484375,184.0,333.040483336634,346.0,299.0,611.0,502.39924363000387,0.0
26,0.0,0.0,1.308536600000025,1.3667195499999707,1.3751933500000177,0.04927084999997078,0.022136950000003708,0.022634299999936047,0.4185339,92.01086892318754,188.8915032498815,91.0,129.0,52.71662521362305,130.0,134.32685690811599,346.0,299.0,611.0,188.8915032498815,0.0
27,0.0,0.0,10.241285300000072,10.14700264999999,10.253046049999966,0.024125300000036987,0.02950905000000148,0.03629620000003797,0.7667561,5.830951894845301,533.6937323971493,156.0,231.0,53.211387634277344,232.0,253.62449193636428,346.0,299.0,611.0,533.6937323971493,0.0
28,0.0,0.0,4.992599199999972,4.995582350000063,5.046360349999986,0.039011400000049434,0.02528410000002168,0.04108065000002625,0.4520841,1.0,247.5863485735835,44.0,113.0,9.29008960723877,117.0,89.26868311014627,346.0,299.0,611.0,247.5863485735835,0.0
29,0.0,0.0,6.346119899999962,6.222928249999995,6.340709249999918,0.02362395000000106,0.028108999999972184,0.04054699999994682,0.5801497,215.46295039097765,502.39924363000387,122.0,183.0,51.710540771484375,184.0,333.04048333663394,346.0,299.0,611.0,502.39924363000387,0.0
30,0.0,0.0,4.933614449999936,4.8525966500000095,4.8759747999999945,0.03738005000002431,0.02528715000005377,0.03814859999999953,0.3990852,33.71943060017473,330.06968961114865,44.0,97.0,13.551837921142578,98.0,159.71348735320305,346.0,299.0,611.0,330.06968961114865,0.0
31,0.0,0.0,11.122861000000057,11.157072900000003,11.268106349999925,0.05926175000013245,0.02860999999984415,0.04892539999991641,0.3200472,1.0,303.8321905262838,6.0,75.0,2.075669527053833,76.0,54.040808257391916,346.0,299.0,611.0,303.8321905262838,0.0
32,0.0,0.0,1.8292977999999493,1.8666023999999197,1.8866659000000254,0.017628699999931996,0.029636199999913515,0.024406750000025568,0.4636949,1.0,133.91415160467545,62.0,98.0,17.73509979248047,99.0,67.46454211333939,346.0,299.0,611.0,133.91415160467545,0.0
33,0.0,0.0,1.3017812000000504,1.3637210499998673,1.3750185500000498,0.04796839999994518,0.0200036999999611,0.02159849999998187,0.4188398,92.01086892318754,188.8915032498815,91.0,129.0,52.71663284301758,130.0,134.326856908116,346.0,299.0,611.0,188.8915032498815,0.0
34,0.0,0.0,4.86388194999995,4.8904374499998085,4.917821949999961,0.06544979999989664,0.02544439999996939,0.03800380000006953,0.4496841,33.71943060017473,330.06968961114865,44.0,97.0,13.56900691986084,98.0,159.71348735320305,346.0,299.0,611.0,330.06968961114865,0.0
35,0.0,0.0,10.390616099999988,10.295970249999982,10.445727699999907,0.021978300000000672,0.026728499999990163,0.03407369999990806,0.4646376,18.466185312619388,357.02801010564986,79.0,128.0,36.12847137451172,129.0,155.81853809754378,346.0,299.0,611.0,357.02801010564986,0.0
36,0.0,0.0,10.98004909999986,10.91665339999986,10.904157650000116,0.05440184999997655,0.025882200000069133,0.036164300000109506,0.5939261,8.246211251235321,305.38664017929796,62.0,166.0,11.218390464782715,167.0,134.13395389799112,346.0,299.0,611.0,305.38664017929796,0.0
37,0.0,0.0,10.213521850000006,10.192968700000165,10.24907875000008,0.02368514999989202,0.03487630000017816,0.03694455000004382,0.6590686,5.830951894845301,533.6937323971493,156.0,231.0,53.211387634277344,232.0,253.62449193636428,346.0,299.0,611.0,533.6937323971493,0.0
38,0.0,0.0,11.292556599999898,11.210111999999981,11.127058000000034,0.03731674999994539,0.028739100000166218,0.04976205000002665,0.3397189,1.0,303.8321905262838,6.0,75.0,2.075669527053833,76.0,54.0408082573919,346.0,299.0,611.0,303.8321905262838,0.0
39,0.0,0.0,10.363070450000123,10.262251249999963,10.497206399999868,0.022021199999926466,0.027082800000016505,0.034151849999943806,0.5664622,18.466185312619388,357.02801010564986,79.0,128.0,36.12847137451172,129.0,155.81853809754378,346.0,299.0,611.0,357.02801010564986,0.0
40,0.0,0.0,3.936377949999951,3.87181314999998,4.00592655000014,0.029429949999894234,0.027352100000143764,0.030584550000185118,0.5818377,204.36731636932555,355.72601816566635,130.0,169.0,69.21285247802734,170.0,287.7028255396565,394.0,343.0,501.0,355.72601816566635,0.0
41,0.0,0.0,4.063215350000064,4.0482423999999355,4.016162349999831,0.04950919999987491,0.03194065000002411,0.04049239999994825,0.6153476,1.0,140.43503836293846,91.0,161.0,16.351287841796875,162.0,42.67408854634284,394.0,343.0,501.0,140.43503836293846,0.0
42,0.0,0.0,3.028611499999897,3.09108614999991,3.0055938499999684,0.023870649999935267,0.029626600000028702,0.033300250000138476,0.4945085,3.0,181.81859090863068,52.0,97.0,18.27053451538086,101.0,83.70173504076061,394.0,343.0,501.0,181.81859090863068,0.0
43,0.0,0.0,11.231990849999875,11.208617550000099,11.028355150000152,0.022918099999969854,0.031363950000013574,0.04049624999993284,0.6888,5.0,395.17717545425114,66.0,168.0,11.784008026123047,169.0,131.91045878396298,394.0,343.0,501.0,395.17717545425114,0.0
44,0.0,0.0,3.933207750000065,3.967141950000041,3.8875369999998384,0.022306450000087352,0.02752755000005891,0.03065205000007154,0.6025162,204.36731636932555,355.72601816566635,130.0,169.0,69.21284484863281,170.0,287.70282553965643,394.0,343.0,501.0,355.72601816566635,0.0
45,0.0,0.0,7.256534600000123,7.34015629999999,7.137958249999883,0.025549599999976635,0.02962705000004462,0.03432509999993272,0.6836656,268.07802595420713,406.2733070237325,134.0,174.0,66.25942993164062,175.0,345.3377953923582,394.0,343.0,501.0,406.2733070237325,0.0
46,0.0,0.0,1.7976250000001528,1.8147612000000208,1.8421132500000112,0.026314199999887933,0.024942150000015317,0.026661200000035024,0.4716533,150.36139126207064,264.4806231087639,83.0,111.0,46.63864517211914,112.0,199.21395567121772,394.0,343.0,501.0,264.4806231087639,0.0
47,0.0,0.0,10.609647850000101,10.679483650000066,10.478474799999958,0.022301550000065617,0.029099250000172106,0.03458645000000615,0.6504717,9.683052983818818,412.1334735252646,118.0,178.0,40.41614532470703,179.0,179.16169478560673,394.0,343.0,501.0,412.1334735252646,0.0
48,0.0,0.0,4.0565105000000585,3.962275350000027,4.036629700000049,0.06398269999999684,0.031817749999845546,0.04073849999986123,0.6720043,1.0,140.43503836293846,91.0,161.0,16.351287841796875,162.0,42.67408854634284,394.0,343.0,501.0,140.43503836293846,0.0
49,0.0,0.0,7.2908628499999395,7.151848299999983,7.218705199999931,0.02569279999988794,0.03347429999985252,0.03425470000001951,0.6050561,268.07802595420713,406.2733070237325,135.0,174.0,66.25942993164062,175.0,345.3377953923582,394.0,343.0,501.0,406.2733070237325,0.0
50,0.0,0.0,5.4558805000001485,5.50761915000021,5.518315199999961,0.0768620999997438,0.024202550000154588,0.030812299999979587,0.365318,19.235384061671343,189.7050341978304,45.0,89.0,13.472198486328125,90.0,104.44746452077143,394.0,343.0,501.0,189.7050341978304,0.0
51,0.0,0.0,11.10016910000013,10.98980255000015,11.019320899999911,0.07052075000001423,0.02323709999973289,0.03577390000009473,0.2800297,1.0,375.90557324945314,12.0,28.0,2.8998990058898926,29.0,105.01937891902506,394.0,343.0,501.0,375.90557324945314,0.0
52,0.0,0.0,3.017037749999872,3.0366884500003835,3.0025964500000555,0.023807750000287342,0.029790300000058778,0.032999000000017986,0.4295752,3.0,181.81859090863068,52.0,97.0,18.267763137817383,101.0,83.70173504076064,394.0,343.0,501.0,181.81859090863068,0.0
53,0.0,0.0,1.786926549999862,1.8390371499999674,1.8038488000001962,0.03508525000006557,0.027500550000240764,0.022679749999952037,0.3952151,150.36139126207064,264.4806231087639,83.0,111.0,46.638641357421875,112.0,199.21395567121772,394.0,343.0,501.0,264.4806231087639,0.0
54,0.0,0.0,5.504633399999875,5.424970949999988,5.467278449999867,0.02331145000016477,0.024166949999653298,0.029930100000001403,0.4205411,19.235384061671343,189.7050341978304,45.0,89.0,13.483359336853027,90.0,104.44746452077148,394.0,343.0,501.0,189.7050341978304,0.0
55,0.0,0.0,10.838982600000236,10.933640400000058,10.844766199999867,0.01978259999987131,0.025072800000089046,0.031209400000079768,0.3874835,15.264337522473747,258.8532402733255,51.0,96.0,21.489887237548828,97.0,108.67787913455044,394.0,343.0,501.0,258.8532402733255,0.0
56,0.0,0.0,11.197910649999812,11.275298949999979,11.136241249999784,0.02274650000026668,0.031232750000071974,0.04138779999993858,0.5813413,5.0,395.17717545425114,66.0,168.0,11.78400993347168,169.0,131.91045878396298,394.0,343.0,501.0,395.17717545425114,0.0
57,0.0,0.0,10.536265100000037,10.501650899999731,10.548627300000135,0.02208729999983916,0.028840999999829364,0.053276000000096246,0.717679,9.683052983818818,412.1334735252646,119.0,178.0,40.639591217041016,179.0,179.16169478560684,394.0,343.0,501.0,412.1334735252646,0.0
58,0.0,0.0,10.96621765000009,10.913734100000056,10.877617799999825,0.03885570000011285,0.023037550000026386,0.03454940000028728,0.3384819,1.0,375.90557324945314,12.0,28.0,2.8998990058898926,29.0,105.01937891902503,394.0,343.0,501.0,375.90557324945314,0.0
59,0.0,0.0,10.845211399999698,10.626520400000118,10.964674800000012,0.01999919999980193,0.025451049999901443,0.03207499999962238,0.3781355,15.264337522473747,258.8532402733255,51.0,96.0,21.477537155151367,97.0,108.67787913455034,394.0,343.0,501.0,258.8532402733255,0.0
60,0.0,0.0,5.672603099999833,5.514214350000202,5.653416799999832,0.06379194999999527,0.024385500000335014,0.028232350000052975,0.5091793,259.4754554598961,385.7188094972813,117.0,162.0,57.03662872314453,163.0,332.012983216798,358.0,320.0,480.0,385.7188094972813,0.0
61,0.0,0.0,1.311208650000026,1.3874276500000633,1.3193421999999373,0.07187154999974155,0.021095299999615236,0.023025350000352773,0.4518597,139.2534952926063,241.51397475094478,89.0,117.0,56.251224517822266,118.0,178.68977934233638,358.0,320.0,480.0,241.51397475094478,0.0
62,0.0,0.0,7.144419550000293,7.106010999999853,7.175966100000096,0.054016499999761436,0.026459649999651447,0.031834799999614916,0.5020266,10.0,377.6572520156339,119.0,173.0,42.043296813964844,174.0,146.77847080806433,358.0,320.0,480.0,377.6572520156339,0.0
63,0.0,0.0,5.635378149999724,5.747907950000354,5.576988100000108,0.0753810500000327,0.029035649999968882,0.028019700000186276,0.5594154,259.4754554598961,385.7188094972813,117.0,162.0,57.0366325378418,163.0,332.0129832167979,358.0,320.0,480.0,385.7188094972813,0.0
64,0.0,0.0,3.6667836999999963,3.6019428499998867,3.5928334000000177,0.026878650000071502,0.02096029999984239,0.026166600000124163,0.3987213,40.162171256046406,192.60841103129428,38.0,81.0,12.293079376220703,82.0,113.80935005803256,358.0,320.0,480.0,192.60841103129428,0.0
65,0.0,0.0,10.410361049999665,10.449151450000045,10.41980250000006,0.07086939999999231,0.020974049999949784,0.05281955000009475,0.3686795,1.0,371.7391558606653,12.0,33.0,3.0322906970977783,34.0,121.39912762109161,358.0,320.0,480.0,371.7391558606653,0.0
66,0.0,0.0,1.3085806499998398,1.3984801500000685,1.3943028499998036,0.05359565000026123,0.02229605000002266,0.022856250000131695,0.4910273,139.2534952926063,241.51397475094478,89.0,117.0,56.251224517822266,118.0,178.68977934233638,358.0,320.0,480.0,241.51397475094478,0.0
67,0.0,0.0,3.588192600000184,3.5965951999996832,3.61935265000011,0.04469874999995227,0.020850200000040786,0.03482675000032032,0.3515353,40.162171256046406,192.60841103129428,38.0,81.0,12.29307746887207,82.0,113.80935005803256,358.0,320.0,480.0,192.60841103129428,0.0
68,0.0,0.0,7.266189299999951,7.178807400000096,7.294726099999934,0.03214705000027607,0.02552525000010064,0.03183054999999513,0.4716493,23.280893453645632,249.75187686982454,64.0,95.0,27.328815460205078,96.0,105.47055820582976,358.0,320.0,480.0,249.75187686982454,0.0
69,0.0,0.0,7.074532749999889,7.139176500000303,7.234745249999833,0.021394050000253628,0.026496550000047137,0.03208379999978206,0.6189062,10.0,377.6572520156339,119.0,173.0,42.22541809082031,174.0,146.77847080806433,358.0,320.0,480.0,377.6572520156339,0.0
70,0.0,0.0,10.342515399999684,10.462044299999889,10.39296689999992,0.02919014999997671,0.020778499999778433,0.032134250000126485,0.2755569,1.0,371.7391558606653,12.0,33.0,3.03216552734375,34.0,121.39912762109157,358.0,320.0,480.0,371.7391558606653,0.0
71,0.0,0.0,7.332265100000313,7.173051700000087,7.332491600000139,0.051029100000050676,0.02542314999982409,0.031782550000116316,0.3398881,23.280893453645632,249.75187686982454,64.0,95.0,27.328815460205078,96.0,105.47055820582978,358.0,320.0,480.0,249.75187686982454,0.0
72,0.0,0.0,3.8319232000003467,3.74524990000009,3.795649100000446,0.049178350000147475,0.02568440000004557,0.03199949999998353,0.5204237,149.68633872200897,295.88680267967345,120.0,168.0,42.95891189575195,169.0,215.34536443486985,361.0,311.0,478.0,295.88680267967345,0.0
73,0.0,0.0,4.288987150000139,4.291980850000073,4.264916950000043,0.031783399999767425,0.0270363500003441,0.03817204999995738,0.5157354,1.4142135623730951,146.53668482670133,88.0,151.0,14.001371383666992,152.0,53.11877864939975,361.0,311.0,478.0,146.53668482670133,0.0
74,0.0,0.0,2.9702358500003356,2.963783450000392,2.9789766499998223,0.0742081500002314,0.02678089999972144,0.03260499999987587,0.4329632,4.69041575982343,152.23008901002456,53.0,92.0,20.7208251953125,93.0,81.21231642584878,361.0,311.0,478.0,152.23008901002456,0.0
75,0.0,0.0,11.40459779999992,11.502124300000105,11.49641870000005,0.06704844999967463,0.02679260000013528,0.058716850000109844,0.5915131,9.1104335791443,361.7969043538101,60.0,155.0,8.9446439743042,156.0,139.5295955324429,361.0,311.0,478.0,361.7969043538101,0.0
76,0.0,0.0,3.8384101999999984,3.7964750500000264,3.798498649999601,0.03158529999973325,0.025572099999862985,0.02989339999976437,0.610013,149.68633872200897,295.88680267967345,119.0,168.0,42.95890808105469,169.0,215.34536443486982,361.0,311.0,478.0,295.88680267967345,0.0
77,0.0,0.0,7.11623204999978,7.121704350000073,7.282663850000063,0.025313050000022486,0.028490099999999074,0.03482339999982287,0.6331833,208.21383239352758,342.04678042630366,133.0,175.0,56.172367095947266,177.0,279.20355640569215,361.0,311.0,478.0,342.04678042630366,0.0
78,0.0,0.0,1.9721549999999297,1.983580350000011,1.9734541500001797,0.019999099999949976,0.024516700000276614,0.025495650000266323,0.4088452,97.42176348229383,221.6483701722167,79.0,121.0,38.10276412963867,122.0,155.46302926282257,361.0,311.0,478.0,221.6483701722167,0.0
79,0.0,0.0,8.412864200000058,8.462835700000142,8.49941734999993,0.05213370000001305,0.02827514999989944,0.035608249999768304,0.5762362,5.830951894845301,344.8535921228022,111.0,183.0,30.049482345581055,197.0,124.53861162118504,361.0,311.0,478.0,344.8535921228022,0.0
80,0.0,0.0,4.296770750000178,4.303974599999947,4.265684149999743,0.05071315000031973,0.027066300000115007,0.038419799999701354,0.5398619,1.4142135623730951,146.53668482670133,88.0,151.0,14.001373291015625,152.0,53.11877864939974,361.0,311.0,478.0,146.53668482670133,0.0
81,0.0,0.0,7.080365799999981,7.111340250000012,7.293343150000055,0.025570649999735906,0.029059050000341813,0.035444099999949685,0.6364247,208.21383239352758,342.04678042630366,133.0,175.0,56.17235565185547,177.0,279.20355640569227,361.0,311.0,478.0,342.04678042630366,0.0
82,0.0,0.0,4.278381050000007,4.262725000000046,4.257741150000129,0.07596454999975322,0.025113949999649776,0.0316031499996825,0.4496033,19.261360284258224,186.9063936841113,53.0,98.0,15.626686096191406,109.0,89.60262555942413,361.0,311.0,478.0,186.9063936841113,0.0
83,0.0,0.0,10.613332049999826,10.605548349999935,10.727340550000008,0.07764395000003788,0.02211249999982101,0.036303400000178954,0.3060946,1.0,370.10674135984067,16.0,32.0,3.781238555908203,33.0,106.90621037910962,361.0,311.0,478.0,370.10674135984067,0.0
84,0.0,0.0,2.9406797499996173,2.9883263000001534,2.9932134499999847,0.07291029999987586,0.02647735000027751,0.03243465000014112,0.4152764,4.69041575982343,152.23008901002456,53.0,92.0,20.720829010009766,93.0,81.21231642584878,361.0,311.0,478.0,152.23008901002456,0.0
85,0.0,0.0,1.9572223499999382,1.960504299999684,2.0115138000001025,0.04420690000006289,0.02447520000032455,0.02573225000014645,0.4488079,97.42176348229383,221.6483701722167,79.0,121.0,38.102760314941406,122.0,155.4630292628226,361.0,311.0,478.0,221.6483701722167,0.0
86,0.0,0.0,4.253614849999849,4.309748050000053,4.306960700000218,0.030591549999826384,0.025266350000038074,0.03138009999975111,0.4270439,19.261360284258224,186.9063936841113,52.0,98.0,15.626686096191406,109.0,89.6026255594241,361.0,311.0,478.0,186.9063936841113,0.0
87,0.0,0.0,8.499796300000071,8.45660799999996,8.562089000000014,0.07030154999984006,0.02605809999977282,0.033235249999961525,0.4670434,16.64331697709324,257.66839154230775,56.0,96.0,22.8720760345459,115.0,100.73382747019768,361.0,311.0,478.0,257.66839154230775,0.0
88,0.0,0.0,11.64966185000003,11.634774900000139,11.575544449999597,0.031573849999858794,0.026878749999923457,0.03891360000034183,0.6231136,9.1104335791443,361.7969043538101,60.0,155.0,8.944600105285645,156.0,139.52959553244293,361.0,311.0,478.0,361.7969043538101,0.0
89,0.0,0.0,8.398467099999834,8.573406599999544,8.41598355000042,0.02136300000074698,0.028457049999815354,0.035295050000058836,0.6970951,5.830951894845301,344.8535921228022,111.0,183.0,30.049482345581055,197.0,124.53861162118505,361.0,311.0,478.0,344.8535921228022,0.0
90,0.0,0.0,10.748910100000103,10.64058230000046,10.598226500000237,0.08058989999972255,0.02191949999996723,0.03589839999949618,0.2575519,1.0,370.10674135984067,16.0,32.0,3.7804808616638184,33.0,106.90621037910961,361.0,311.0,478.0,370.10674135984067,0.0
91,0.0,0.0,8.500948050000261,8.443047900000238,8.461485150000044,0.020922849999806203,0.02617145000021992,0.03330889999961073,0.4760201,16.64331697709324,257.66839154230775,56.0,96.0,22.8720760345459,115.0,100.73382747019762,361.0,311.0,478.0,257.66839154230775,0.0
92,0.0,0.0,4.298346849999689,4.326496250000673,4.3316846999996415,0.023995749999812688,0.025021699999342673,0.02844734999962384,0.537563,208.25705270170323,339.10470359462727,144.0,190.0,70.70496368408203,188.0,261.2922639776441,367.0,347.0,474.0,339.10470359462727,0.0
93,0.0,0.0,5.020002899999781,4.991244550000374,4.981117599999379,0.07510290000027453,0.024031250000007276,0.04359319999912259,0.4754058,1.4142135623730951,157.95252451290546,63.0,115.0,9.89629077911377,122.0,43.66304375436895,367.0,347.0,474.0,157.95252451290546,0.0
94,0.0,0.0,3.5670632500005013,3.5548776499999803,3.5874411500008136,0.06404554999971879,0.025146349999886297,0.028863900000033027,0.4136028,9.0,159.04087524910065,63.0,103.0,23.684776306152344,105.0,82.78906979943486,367.0,347.0,474.0,159.04087524910065,0.0
95,0.0,0.0,11.805542199999763,11.779146349999792,11.7854798999997,0.04960879999998724,0.02415519999976823,0.033972049999647425,0.4300217,8.717797887081348,368.13176988681647,41.0,121.0,7.464200973510742,131.0,132.25769165781318,367.0,347.0,474.0,368.13176988681647,0.0
96,0.0,0.0,4.320671800000127,4.32621835000009,4.35840565000035,0.020493699999860837,0.024929700000029698,0.02812050000011368,0.5913677,208.25705270170323,339.10470359462727,143.0,190.0,70.12747955322266,188.0,261.2922639776441,367.0,347.0,474.0,339.10470359462727,0.0
97,0.0,0.0,6.1122126500004015,6.01328784999987,6.015169300000707,0.023830000000089058,0.028127999999924214,0.03240235000066605,0.6963556,230.8562647907126,383.6951915257735,137.0,188.0,70.79501342773438,188.0,314.46521350077137,367.0,347.0,474.0,383.6951915257735,0.0
98,0.0,0.0,1.424810050000815,1.4430127000005086,1.5348375000003216,0.020104799999899114,0.023523800000475603,0.02343840000048658,0.5137191,141.8824900130535,247.37218922101974,88.0,117.0,53.09421157836914,118.0,184.14823397221397,367.0,347.0,474.0,247.37218922101974,0.0
99,0.0,0.0,7.875624799999969,7.824591149999833,8.008291899999676,0.06961480000063602,0.02740780000021914,0.032648450000124285,0.7110577,7.0,368.9078475717208,108.0,191.0,37.29537582397461,195.0,144.58800468126458,367.0,347.0,474.0,368.9078475717208,0.0
100,0.0,0.0,4.991930999999568,4.940368049999961,4.990908249999848,0.05178720000003523,0.024002950000067358,0.0344729999997071,0.4840379,1.4142135623730951,157.95252451290546,63.0,115.0,9.896293640136719,122.0,43.66304375436895,367.0,347.0,474.0,157.95252451290546,0.0
101,0.0,0.0,6.01122419999956,5.996511199999986,6.009967050000341,0.0235163500001363,0.02813814999990427,0.04418545000044105,0.5304976,230.8562647907126,383.6951915257735,138.0,188.0,70.7950210571289,188.0,314.4652135007714,367.0,347.0,474.0,383.6951915257735,0.0
102,0.0,0.0,3.643471200000022,3.755350499999622,3.734545650000655,0.018823299999894516,0.023535999999694468,0.02841309999985242,0.526058,29.631064780058107,181.41664752717708,53.0,104.0,15.457958221435547,105.0,91.39325822067383,367.0,347.0,474.0,181.41664752717708,0.0
103,0.0,0.0,9.802662400000372,9.813821650000136,9.840384449999874,0.07814765000057378,0.02048575000026176,0.032315550000021176,0.2705721,1.0,354.039545813741,11.0,28.0,2.819746971130371,28.0,105.96179788314588,367.0,347.0,474.0,354.039545813741,0.0
104,0.0,0.0,3.6058453499999814,3.5976063500002056,3.5361343500007933,0.03839545000028011,0.025342150000142283,0.02889980000054493,0.4889393,9.0,159.04087524910065,64.0,103.0,23.684776306152344,105.0,82.78906979943488,367.0,347.0,474.0,159.04087524910065,0.0
105,0.0,0.0,1.4479537499992148,1.4869973499999105,1.5156750999994983,0.019930650000787864,0.022901100000126462,0.0264366000001246,0.5175426,141.8824900130535,247.37218922101974,88.0,117.0,53.094215393066406,118.0,184.148233972214,367.0,347.0,474.0,247.37218922101974,0.0
106,0.0,0.0,3.729209449999871,3.687163149999833,3.7425248500003363,0.03294674999960989,0.023998450000362936,0.028827300000557443,0.437565,29.631064780058107,181.41664752717708,53.0,104.0,15.457958221435547,105.0,91.39325822067383,367.0,347.0,474.0,181.41664752717708,0.0
107,0.0,0.0,8.216831650000131,8.084456950000458,7.99436390000028,0.024817149999762478,0.025622950000069977,0.03142980000029638,0.4613838,20.83266665599966,255.6736200705892,56.0,112.0,22.185224533081055,113.0,106.73672260481503,367.0,347.0,474.0,255.6736200705892,0.0
108,0.0,0.0,11.79080354999951,11.790681349999431,11.631953099999919,0.02177185000073223,0.024497800000062853,0.03455149999990681,0.5785353,8.717797887081348,368.13176988681647,41.0,121.0,7.4642014503479,131.0,132.25769165781327,367.0,347.0,474.0,368.13176988681647,0.0
109,0.0,0.0,7.85558514999957,7.813295500000095,7.915708900000027,0.05648494999968534,0.028065249999599473,0.03246320000016567,0.5733111,7.0,368.9078475717208,108.0,191.0,37.295379638671875,195.0,144.58800468126458,367.0,347.0,474.0,368.9078475717208,0.0
110,0.0,0.0,9.80180454999936,9.730508749999899,9.67607285000031,0.07420505000027333,0.020627949999834527,0.033587249999982305,0.3427937,1.0,354.039545813741,11.0,28.0,2.819781541824341,28.0,105.96179788314585,367.0,347.0,474.0,354.039545813741,0.0
111,0.0,0.0,8.069826250000006,7.986351600000489,8.09547240000029,0.027739899999687623,0.024930900000072143,0.03077335000034509,0.5227633,20.83266665599966,255.6736200705892,56.0,112.0,22.18522071838379,113.0,106.73672260481503,367.0,347.0,474.0,255.6736200705892,0.0
112,0.0,0.0,3.204610450000473,3.117592550000154,3.171981699999378,0.027333800000633346,0.026564499999949476,0.02834454999992886,0.5946396,227.4818674092509,343.9781969834716,138.0,171.0,78.77377319335938,172.0,286.7689075358233,416.0,322.0,478.0,343.9781969834716,0.0
113,0.0,0.0,4.123088600000301,4.142410350000318,4.168379099999584,0.021359649999794783,0.027418300000135787,0.045053249999909895,0.4611991,1.7320508075688772,138.75878350576585,97.0,152.0,20.1662654876709,153.0,50.91398848741292,416.0,322.0,478.0,138.75878350576585,0.0
114,0.0,0.0,2.390250649999871,2.3510840500002814,2.4122108500005197,0.020475350000197068,0.02517470000020694,0.02746130000014091,0.5038296,5.0990195135927845,156.18578680533003,67.0,99.0,20.726001739501953,100.0,76.08641846223459,416.0,322.0,478.0,156.18578680533003,0.0
115,0.0,0.0,11.420954299999721,11.396304549999513,11.511069599999246,0.04786630000035075,0.042725749999590334,0.04038525000032678,0.5284356,10.295630140987,421.77482143911817,95.0,185.0,17.45507049560547,186.0,167.71285700932884,416.0,322.0,478.0,421.77482143911817,0.0
116,0.0,0.0,3.151621299999533,3.2216230000003634,3.165478749999238,0.022154000000227825,0.026630000000295695,0.02875694999966072,0.4894262,227.4818674092509,343.9781969834716,138.0,170.0,78.2603759765625,172.0,286.7689075358233,416.0,322.0,478.0,343.9781969834716,0.0
117,0.0,0.0,7.547207499999786,7.541889850000189,7.528405600000042,0.025961549999919953,0.031016950000775978,0.036246399999981804,0.6689087,243.3465059604401,394.3526340726026,131.0,183.0,65.49850463867188,184.0,326.62764339684867,416.0,322.0,478.0,394.3526340726026,0.0
118,0.0,0.0,1.7404978499998833,1.8017544999993333,1.7703578999999081,0.03262280000035389,0.023922899999888614,0.023372699999526958,0.5215337,173.94539373033135,268.5460854304155,86.0,111.0,50.41018295288086,112.0,211.21290649477243,416.0,322.0,478.0,268.5460854304155,0.0
119,0.0,0.0,8.425867200000539,8.470475200000692,8.458885499999269,0.02381634999983362,0.030892949999724806,0.038821500000267406,0.5111643,8.54400374531753,378.0502612087446,113.0,176.0,40.778907775878906,177.0,137.34945623007565,416.0,322.0,478.0,378.0502612087446,0.0
120,0.0,0.0,4.121937000000798,4.150713900000483,4.173486100000446,0.02084640000066429,0.027214700000513403,0.04112540000005538,0.6146906,1.7320508075688772,138.75878350576585,97.0,152.0,20.1662654876709,153.0,50.913988487412915,416.0,322.0,478.0,138.75878350576585,0.0
121,0.0,0.0,7.557636849999653,7.479746300000443,7.500323149999531,0.02586209999935818,0.03112704999966809,0.03616704999967624,0.546164,243.3465059604401,394.3526340726026,130.0,183.0,65.4985122680664,184.0,326.6276433968487,416.0,322.0,478.0,394.3526340726026,0.0
122,0.0,0.0,4.339556349999839,4.362189800000124,4.25407499999983,0.06673009999940405,0.027454000000034284,0.031145349999860628,0.3294521,7.810249675906654,196.31097778779463,46.0,80.0,15.407207489013672,81.0,89.78598642746151,416.0,322.0,478.0,196.31097778779463,0.0
123,0.0,0.0,12.964083600000777,12.955353249999462,12.948121899999933,0.05717194999942876,0.02523269999983313,0.04016314999989845,0.4107173,1.4142135623730951,370.3471344563098,13.0,50.0,2.9985263347625732,51.0,129.43232587207402,416.0,322.0,478.0,370.3471344563098,0.0
124,0.0,0.0,2.3748822999996264,2.4310615499998676,2.392766599999959,0.020736399999805144,0.02544419999958336,0.02746095000020432,0.4846908,5.0990195135927845,156.18578680533003,67.0,99.0,20.726001739501953,100.0,76.08641846223459,416.0,322.0,478.0,156.18578680533003,0.0
125,0.0,0.0,1.7258283999999549,1.7515568499993606,1.8234152499999254,0.057265499999630265,0.023876900000686874,0.02498234999984561,0.4652957,173.94539373033135,268.5460854304155,86.0,111.0,50.410179138183594,112.0,211.2129064947724,416.0,322.0,478.0,268.5460854304155,0.0
126,0.0,0.0,4.319530499999928,4.3904302999999345,4.366730800000369,0.082655899999736,0.023943499999404594,0.02962775000014517,0.3992435,7.810249675906654,196.31097778779463,46.0,80.0,15.434966087341309,81.0,89.78598642746151,416.0,322.0,478.0,196.31097778779463,0.0
127,0.0,0.0,8.41814875,8.45820360000016,8.453329999999369,0.022673749999739812,0.0273158499994679,0.05547249999926862,0.5087419,23.853720883753127,286.33372138118835,61.0,100.0,27.208553314208984,101.0,128.15405651276293,416.0,322.0,478.0,286.33372138118835,0.0
128,0.0,0.0,11.410918649999985,11.354135300000053,11.40286389999983,0.02637345000039204,0.030178799999703187,0.04077824999967561,0.5575386,10.295630140987,421.77482143911817,95.0,185.0,17.4550724029541,186.0,167.71285700932887,416.0,322.0,478.0,421.77482143911817,0.0
129,0.0,0.0,8.434644449999723,8.32381815000008,8.513907300000028,0.02646184999957768,0.030559550000361924,0.037902150000263646,0.6499402,8.54400374531753,378.0502612087446,112.0,176.0,40.802730560302734,177.0,137.3494562300756,416.0,322.0,478.0,378.0502612087446,0.0
130,0.0,0.0,12.885267499999827,12.858004499999879,12.895433349999621,0.04839744999935647,0.025465499999882013,0.03971110000020417,0.2368724,1.4142135623730951,370.3471344563098,13.0,50.0,2.998748302459717,51.0,129.43232587207405,416.0,322.0,478.0,370.3471344563098,0.0
131,0.0,0.0,8.462555600000087,8.555111099999522,8.495255349999752,0.027442100000371283,0.027696600000126637,0.03552360000048793,0.4236067,23.853720883753127,286.33372138118835,61.0,100.0,27.281879425048828,101.0,128.15405651276293,416.0,322.0,478.0,286.33372138118835,0.0
132,0.0,0.0,5.107488550000198,5.151675999999497,5.130031299999246,0.07229420000021491,0.025453499999457563,0.041523449999658624,0.4938278,2.449489742783178,254.89801882321487,9.0,87.0,3.527947425842285,88.0,97.55346343999109,398.0,299.0,625.0,254.89801882321487,0.0
133,0.0,0.0,1.9263048000002527,2.030126399999972,1.9632990000000063,0.05070460000024468,0.023496499999964726,0.027072349999798462,0.3917334,2.0,120.3577999134248,52.0,83.0,15.137186050415039,84.0,59.17053409273606,398.0,299.0,625.0,120.3577999134248,0.0
134,0.0,0.0,10.974403700000039,11.074630850000176,11.099451900000531,0.07807380000031117,0.027102500000182772,0.033144349999929545,0.7152199,9.24928517830447,281.0284683088174,13.0,193.0,7.199184894561768,194.0,118.10009932083096,398.0,299.0,625.0,281.0284683088174,0.0
135,0.0,0.0,5.0461957000006805,5.1369031000003815,5.062411050000264,0.05621514999984356,0.02588149999974121,0.040864999999939755,0.5126701,2.449489742783178,254.89801882321487,9.0,87.0,3.5279476642608643,88.0,97.55346343999112,398.0,299.0,625.0,254.89801882321487,0.0
136,0.0,0.0,5.022954050000408,4.980617050000546,4.986776549999377,0.08641690000058588,0.02861010000015085,0.04027764999955252,0.4369948,58.40376700179535,361.21323342314025,36.0,82.0,11.542749404907227,86.0,174.41467086393382,398.0,299.0,625.0,361.21323342314025,0.0
137,0.0,0.0,11.802019050000126,11.766187199999877,11.74207645000024,0.030276600000433973,0.02941964999990887,0.044822949999797856,0.5874915,1.0,328.3306260463681,7.0,119.0,3.986572265625,121.0,16.78044944645226,398.0,299.0,625.0,328.3306260463681,0.0
138,0.0,0.0,1.9231636000004073,1.9469472500004485,2.0040995999997904,0.028557249999721535,0.023434800000359246,0.026304650000383845,0.4912457,2.0,120.3577999134248,52.0,83.0,15.181846618652344,84.0,59.17053409273606,398.0,299.0,625.0,120.3577999134248,0.0
139,0.0,0.0,5.003603199999816,5.072466900000109,5.014003199999934,0.04372884999975213,0.02825574999951641,0.05533530000047904,0.3491584,58.40376700179535,361.21323342314025,36.0,82.0,11.519033432006836,86.0,174.41467086393382,398.0,299.0,625.0,361.21323342314025,0.0
140,0.0,0.0,10.837868099999469,10.947956599999998,10.866479950000212,0.03249989999949321,0.027397349999773724,0.03017554999951244,0.5696416,33.27160951922825,354.25414605901227,71.0,150.0,37.617740631103516,152.0,184.3375154582299,398.0,299.0,625.0,354.25414605901227,0.0
141,0.0,0.0,11.059237450000182,11.033277800000178,11.036902900000314,0.034981900000275346,0.02668420000009064,0.03324090000023716,0.7428848,9.24928517830447,281.0284683088174,13.0,193.0,7.199185848236084,194.0,118.10009932083098,398.0,299.0,625.0,281.0284683088174,0.0
142,0.0,0.0,11.653105249999498,11.729015949999848,11.931357649999882,0.05837919999976293,0.02927365000050486,0.07733124999958818,0.5227789,1.0,328.3306260463681,7.0,119.0,3.9865591526031494,121.0,16.78044944645227,398.0,299.0,625.0,328.3306260463681,0.0
143,0.0,0.0,10.830434800000148,10.889037500000086,10.892507300000034,0.021346550000089337,0.031571599999551836,0.030331050000313553,0.6728104,33.27160951922825,354.25414605901227,71.0,150.0,37.617740631103516,152.0,184.33751545822992,398.0,299.0,625.0,354.25414605901227,0.0
144,0.0,0.0,4.093730300000061,4.024464099999932,4.174584849999519,0.07351945000027627,0.03484794999985752,0.03795284999978321,0.7907889,196.59348921060433,336.887221485173,132.0,176.0,52.2210807800293,177.0,270.2034623113486,432.0,385.0,690.0,336.887221485173,0.0
145,0.0,0.0,9.961827549999725,9.872835449999911,9.835700999999972,0.03965580000021873,0.05921435000072961,0.07165599999916594,1.0016588,3.3166247903554,265.63132345414385,105.0,187.0,25.62997055053711,187.0,102.56903512485539,432.0,385.0,690.0,265.63132345414385,0.0
146,0.0,0.0,3.0503978999995525,3.020912350000799,3.015034099999866,0.056055600000036065,0.03958919999968202,0.042491050000535324,0.7239475,4.358898943540674,169.31331902718108,73.0,118.0,22.135547637939453,122.0,80.3098101862773,432.0,385.0,690.0,169.31331902718108,0.0
147,0.0,0.0,20.37639020000006,20.614114299999528,20.932064900000114,0.03256150000015623,0.042538949999652687,0.05724805000045308,1.0463335,14.798648586948742,403.15381679949405,79.0,202.0,14.333525657653809,203.0,154.4297927766082,432.0,385.0,690.0,403.15381679949405,0.0
148,0.0,0.0,4.084164849999979,3.999430100000609,3.9697882499995103,0.027744949999942037,0.03417200000058074,0.03781604999949195,0.926482,196.59348921060433,336.887221485173,131.0,176.0,52.22108840942383,177.0,270.2034623113485,432.0,385.0,690.0,336.887221485173,0.0
149,0.0,0.0,13.389465049999671,12.870091499999944,12.973744749999241,0.04267210000034538,0.046894350000002305,0.07072705000064161,1.0506135,286.7556485879204,575.2338654842915,139.0,215.0,60.48312759399414,216.0,403.2180529160182,432.0,385.0,690.0,575.2338654842915,0.0
150,0.0,0.0,2.652622949999568,2.648364749999928,2.6005189500001507,0.03426429999944958,0.03541210000003048,0.03665995000028488,0.7235464,164.11578534655712,268.5162937328013,100.0,137.0,58.36373519897461,138.0,208.98893562769345,432.0,385.0,690.0,268.5162937328013,0.0
151,0.0,0.0,19.86205119999977,20.26352764999956,19.917645449999327,0.0335283000003983,0.042890349999652244,0.05454265000025771,1.0070605,11.704699910719626,580.4713601892862,141.0,231.0,41.40925979614258,233.0,285.05854352692495,432.0,385.0,690.0,580.4713601892862,0.0
152,0.0,0.0,9.7903661499995,9.911380850000569,9.937677949999852,0.04414309999992838,0.06032055000014225,0.07278459999997722,0.8686304,3.3166247903554,265.63132345414385,105.0,187.0,25.62997055053711,187.0,102.56903512485538,432.0,385.0,690.0,265.63132345414385,0.0
153,0.0,0.0,13.00033429999985,13.023330949999945,12.925488500000029,0.042810199999621545,0.04678359999979875,0.07138575000044511,0.9351324,286.7556485879204,575.2338654842915,138.0,215.0,60.48311996459961,216.0,403.2180529160182,432.0,385.0,690.0,575.2338654842915,0.0
154,0.0,0.0,9.431612649999806,9.302341600000545,9.429174099999727,0.03576169999996637,0.04499424999994517,0.06613610000022163,0.4906545,35.014282800023196,334.50560533420065,48.0,97.0,15.89404296875,98.0,158.94977619465988,432.0,385.0,690.0,334.50560533420065,0.0
155,0.0,0.0,21.564502400000492,21.18162399999983,21.684289799999533,0.04527979999966192,0.04304549999960727,0.09065879999980098,0.4853635,1.0,386.4880334499375,4.0,64.0,1.7946652173995972,65.0,67.09433802124929,432.0,385.0,690.0,386.4880334499375,0.0
156,0.0,0.0,3.035135099999934,2.984091299999818,3.0326864499993462,0.06272255000021687,0.040607299999464885,0.042323799999394396,0.7339254,4.358898943540674,169.31331902718108,73.0,118.0,22.13555145263672,122.0,80.30981018627728,432.0,385.0,690.0,169.31331902718108,0.0
157,0.0,0.0,2.6247556999987864,2.667585950001012,2.6087235499999224,0.07191600000078324,0.03734489999988,0.03673084999900311,0.6337222,164.11578534655712,268.5162937328013,100.0,137.0,58.363731384277344,138.0,208.9889356276935,432.0,385.0,690.0,268.5162937328013,0.0
158,0.0,0.0,9.350094899999021,9.21901484999944,9.275480800000878,0.0359116500003438,0.04357729999901494,0.0663196000004973,0.6176407,35.014282800023196,334.50560533420065,48.0,97.0,15.89404296875,98.0,158.9497761946598,432.0,385.0,690.0,334.50560533420065,0.0
159,0.0,0.0,20.309114150000823,20.23979535000035,20.368969600000128,0.0347022999994806,0.0405187999986083,0.052667050000309246,0.7608111,27.76688675382964,332.63343187358663,80.0,133.0,36.642452239990234,134.0,161.94291601424268,432.0,385.0,690.0,332.63343187358663,0.0
160,0.0,0.0,20.61048485000174,21.09758194999995,20.783594450000237,0.036324699998658616,0.04173235000052955,0.056861600000047474,1.0502521,14.798648586948742,403.15381679949405,79.0,202.0,14.333523750305176,203.0,154.4297927766082,432.0,385.0,690.0,403.15381679949405,0.0
161,0.0,0.0,20.237338999999338,20.255047299999205,20.256469149999248,0.03368829999999434,0.04247195000061765,0.05503759999919566,1.1202531,11.704699910719626,580.4713601892862,141.0,231.0,41.40925979614258,233.0,285.0585435269249,432.0,385.0,690.0,580.4713601892862,0.0
162,0.0,0.0,21.353584299999056,21.404915149998487,21.49323220000042,0.03584414999932051,0.04331265000109852,0.076349549999577,0.5188155,1.0,386.4880334499375,4.0,64.0,1.7946652173995972,65.0,67.09433802124931,432.0,385.0,690.0,386.4880334499375,0.0
163,0.0,0.0,19.9994071000001,20.319044850000864,20.168088200000057,0.03446850000000268,0.040399299999990035,0.05301945000064734,0.7862079,27.76688675382964,332.63343187358663,80.0,133.0,36.6424560546875,134.0,161.94291601424266,432.0,385.0,690.0,332.63343187358663,0.0
164,0.0,0.0,2.1790125999996235,2.2133847500008414,2.174513649999426,0.06870550000166986,0.01711905000047409,0.020874450001429068,0.4995147,181.2216322527031,298.97491533571844,57.0,101.0,14.593748092651367,102.0,237.0446307788287,371.0,287.0,617.0,298.97491533571844,0.0
165,0.0,0.0,4.40306530000089,4.383007549999093,4.419916650000232,0.02585970000109228,0.030350749999342952,0.04383880000023055,0.6356936,2.0,236.44872594285638,103.0,166.0,27.44554328918457,171.0,85.7474575031556,371.0,287.0,617.0,236.44872594285638,0.0
166,0.0,0.0,1.6004315000009228,1.56707594999898,1.655994449998616,0.03884794999976293,0.03263254999910714,0.0238570500005153,0.3790604,1.7320508075688772,145.50944986494864,48.0,93.0,14.204168319702148,94.0,63.100263564226026,371.0,287.0,617.0,145.50944986494864,0.0
167,0.0,0.0,11.222229599999991,11.348551700000826,11.398469849998946,0.039650649998293375,0.029797199998938595,0.058992800000851275,0.6153964,6.48074069840786,348.6086631166816,68.0,184.0,14.432527542114258,182.0,137.24741400801955,371.0,287.0,617.0,348.6086631166816,0.0
168,0.0,0.0,2.065682400001606,2.117102399999567,2.1558175000009214,0.04724200000055134,0.017084049999539275,0.02093580000109796,0.4383724,181.2216322527031,298.97491533571844,57.0,101.0,14.59375,102.0,237.0446307788287,371.0,287.0,617.0,298.97491533571844,0.0
169,0.0,0.0,5.956382999998823,5.98716775000139,5.949474699998973,0.024424100000032922,0.02905349999855389,0.040825200001563644,0.6870537,225.8517212686235,516.767839556604,132.0,198.0,46.204105377197266,199.0,343.15040755111335,371.0,287.0,617.0,516.767839556604,0.0
170,0.0,0.0,1.3328388999998424,1.388485049999872,1.378860099999656,0.0500920499998756,0.02097305000097549,0.023123449998820433,0.4131724,124.75898735947209,216.05786262017867,77.0,118.0,32.71421813964844,119.0,164.5703182668437,371.0,287.0,617.0,216.05786262017867,0.0
171,0.0,0.0,11.1213223499999,11.061576899999636,11.029699949998758,0.020853149999311427,0.02930939999896509,0.034695550000833464,0.6237169,6.164414002968976,536.0401104395081,115.0,206.0,31.294347763061523,207.0,247.50599014520063,371.0,287.0,617.0,536.0401104395081,0.0
172,0.0,0.0,4.407079000000522,4.521757399999842,4.44997770000009,0.024510100000043167,0.029759850000118604,0.04403854999873147,0.5530016,2.0,236.44872594285638,103.0,166.0,27.44554328918457,171.0,85.74745750315562,371.0,287.0,617.0,236.44872594285638,0.0
173,0.0,0.0,5.969686299999012,5.925527400000647,5.932631749999928,0.04904714999975113,0.028691399998933775,0.04090829999950074,0.6096517,225.8517212686235,516.767839556604,132.0,198.0,46.2041130065918,199.0,343.15040755111335,371.0,287.0,617.0,516.767839556604,0.0
174,0.0,0.0,4.58515929999885,4.531364250000479,4.562975400000141,0.08681255000010424,0.025813950000156183,0.038179549999767914,0.4903968,21.213203435596427,314.6458326436249,55.0,102.0,18.02309799194336,103.0,138.000064539422,371.0,287.0,617.0,314.6458326436249,0.0
175,0.0,0.0,11.845555349998904,11.898684949999733,12.063043399999515,0.02976605000003474,0.02931439999883878,0.04701484999895911,0.5189896,1.0,326.22691489207324,6.0,108.0,2.7025744915008545,107.0,52.68566456987163,371.0,287.0,617.0,326.22691489207324,0.0
176,0.0,0.0,1.5706360499989387,1.5972127000004548,1.5648505999997724,0.050359050001134165,0.022099549998529255,0.024868800001058844,0.3673018,1.7320508075688772,145.50944986494864,48.0,93.0,14.204168319702148,94.0,63.10026356422604,371.0,287.0,617.0,145.50944986494864,0.0
177,0.0,0.0,1.3249404499983939,1.3583208999989438,1.3246532499997556,0.05403375000059896,0.021027450000474346,0.023320899999816902,0.5300098,124.75898735947209,216.05786262017867,77.0,118.0,32.7142219543457,119.0,164.57031826684374,371.0,287.0,617.0,216.05786262017867,0.0
178,0.0,0.0,4.5364914999991015,4.463352299999315,4.454529499998898,0.02188419999947655,0.025841500000751694,0.03820924999854469,0.4648425,21.213203435596427,314.6458326436249,55.0,102.0,18.019399642944336,103.0,138.00006453942197,371.0,287.0,617.0,314.6458326436249,0.0
179,0.0,0.0,11.06853615,11.224988250000024,10.976341350000439,0.04948329999933776,0.027929099998800666,0.033087899999372894,0.6031461,16.55294535724685,323.6108774438832,65.0,136.0,28.31410026550293,137.0,142.9818288983752,371.0,287.0,617.0,323.6108774438832,0.0
180,0.0,0.0,11.275607699999455,11.289912649999678,11.155296750001071,0.022093100000347476,0.02974259999973583,0.03656379999847559,0.6403015,6.48074069840786,348.6086631166816,68.0,184.0,14.433311462402344,182.0,137.24741400801946,371.0,287.0,617.0,348.6086631166816,0.0
181,0.0,0.0,10.957571000000826,11.082819700000982,11.032513950000066,0.02103040000110923,0.02944740000020829,0.04520634999971662,0.6669758,6.164414002968976,536.0401104395081,115.0,206.0,31.29435157775879,207.0,247.50599014520068,371.0,287.0,617.0,536.0401104395081,0.0
182,0.0,0.0,11.99751539999852,11.986760649999269,12.040146100000129,0.03764239999873098,0.02922949999992852,0.047035999999934575,0.4361051,1.0,326.22691489207324,6.0,108.0,2.7025744915008545,107.0,52.685664569871605,371.0,287.0,617.0,326.22691489207324,0.0
183,0.0,0.0,11.0595967499994,11.139550500000041,10.989701200000127,0.021236299999145558,0.028414250000423635,0.033492550001028576,0.5664482,16.55294535724685,323.6108774438832,65.0,136.0,28.31410026550293,137.0,142.98182889837523,371.0,287.0,617.0,323.6108774438832,0.0
184,0.0,0.0,3.1391813999998703,3.1436948499995196,3.0961300500002835,0.07147729999996955,0.024893449999581208,0.027449699999124277,0.5165063,152.2169504358828,331.0981727524331,104.0,147.0,45.736656188964844,148.0,246.80727476356168,401.0,341.0,617.0,331.0981727524331,0.0
185,0.0,0.0,6.007265300000654,5.9591442000000825,5.996393249999528,0.03513390000080108,0.029525649999413872,0.05336709999937739,0.5837252,1.7320508075688772,219.61329650091773,28.0,97.0,6.498664855957031,98.0,80.54232665477562,401.0,341.0,617.0,219.61329650091773,0.0
186,0.0,0.0,2.3803086999996594,2.40146790000108,2.3572034499993606,0.033450400000219815,0.024227599998994265,0.027248050000707735,0.3536244,5.744562646538029,138.351002887583,52.0,75.0,17.402917861938477,77.0,70.52910590959723,401.0,341.0,617.0,138.351002887583,0.0
187,0.0,0.0,13.045365849999143,13.382213449998744,13.185422800001106,0.029696550000153366,0.030468750001091394,0.039791799999875366,0.5659866,7.0,314.7268657105713,16.0,98.0,4.990909099578857,98.0,112.01894900937378,401.0,341.0,617.0,314.7268657105713,0.0
188,0.0,0.0,3.128022199998668,3.161464700000579,3.13046845000099,0.02043729999968491,0.024395649999860325,0.027307299998938106,0.667941,152.2169504358828,331.0981727524331,104.0,147.0,45.73665237426758,148.0,246.80727476356174,401.0,341.0,617.0,331.0981727524331,0.0
189,0.0,0.0,6.323918950000007,6.32677540000077,6.339455649998854,0.030579300000681542,0.035192700001061894,0.04634339999938675,0.6838069,268.7229056109657,536.1212549414545,133.0,198.0,61.025482177734375,200.0,375.21017689491595,401.0,341.0,617.0,536.1212549414545,0.0
190,0.0,0.0,1.4615567500004545,1.4818531999990228,1.5124326500008465,0.03443854999932228,0.02363079999850015,0.024747499999648426,0.6471038,148.2767682410161,267.09923249608937,99.0,134.0,56.269832611083984,135.0,193.95895017990156,401.0,341.0,617.0,267.09923249608937,0.0
191,0.0,0.0,11.570555549998971,11.654532099999415,11.571074000001317,0.054833599999255966,0.03544925000096555,0.04139039999972738,0.7471066,12.165525060596439,540.8299178115057,134.0,208.0,48.56694793701172,209.0,296.57514047688215,401.0,341.0,617.0,540.8299178115057,0.0
192,0.0,0.0,6.010002949999034,5.9880087500005175,6.018789000001561,0.022546199999851524,0.033074250000936445,0.04372604999844043,0.5651352,1.7320508075688772,219.61329650091773,28.0,97.0,6.498665809631348,98.0,80.54232665477558,401.0,341.0,617.0,219.61329650091773,0.0
193,0.0,0.0,6.323523250001017,6.380700249999791,6.399354749999475,0.030203099999198457,0.03542659999948228,0.04672645000027842,0.8393206,268.7229056109657,536.1212549414545,133.0,198.0,61.025482177734375,200.0,375.21017689491595,401.0,341.0,617.0,536.1212549414545,0.0
194,0.0,0.0,5.018380499999694,5.070993699999235,4.963313750000452,0.041035700000065845,0.02899950000028184,0.040521250000892906,0.5003345,22.561028345356956,285.1350557192153,42.0,82.0,14.502647399902344,83.0,132.73133474586731,401.0,341.0,617.0,285.1350557192153,0.0
195,0.0,0.0,12.626212000001033,12.595112799999697,12.549535500000275,0.05197475000022678,0.031107549999433104,0.050902099999802886,0.3543792,1.0,349.04011230802683,6.0,54.0,2.3478689193725586,55.0,50.15459562001848,401.0,341.0,617.0,349.04011230802683,0.0
196,0.0,0.0,2.3658906999989995,2.4069439499999135,2.4559418499993626,0.04257119999965653,0.02438839999922493,0.02780259999963164,0.4916592,5.744562646538029,138.351002887583,52.0,75.0,17.404726028442383,77.0,70.52910590959723,401.0,341.0,617.0,138.351002887583,0.0
197,0.0,0.0,1.4997217500003899,1.482566399999996,1.5050598500001797,0.0457046999999875,0.026147900000069058,0.025044800000614487,0.4782794,148.2767682410161,267.09923249608937,99.0,134.0,56.269832611083984,135.0,193.95895017990156,401.0,341.0,617.0,267.09923249608937,0.0
198,0.0,0.0,4.963548900001115,5.03171040000052,5.047301250000601,0.023401999998895917,0.029033649998382316,0.041803549998803646,0.5168269,22.561028345356956,285.1350557192153,42.0,82.0,14.502647399902344,83.0,132.73133474586731,401.0,341.0,617.0,285.1350557192153,0.0
199,0.0,0.0,11.897347250000166,11.858657450000464,11.916533749999871,0.024592249999841442,0.031552050000755116,0.03850910000073782,0.5107776,19.0,289.1470214268167,65.0,121.0,32.62507629394531,122.0,139.66023756736755,401.0,341.0,617.0,289.1470214268167,0.0
200,0.0,0.0,13.067068350001136,13.167000400000688,13.153986499999519,0.07875769999918703,0.028843199999755598,0.04032610000103887,0.5375491,7.0,314.7268657105713,16.0,98.0,4.991190433502197,98.0,112.01894900937378,401.0,341.0,617.0,314.7268657105713,0.0
201,0.0,0.0,11.5999848499996,11.514980100000685,11.414891149999676,0.026499800000237883,0.03449000000000524,0.04187544999876991,0.7374233,12.165525060596439,540.8299178115057,134.0,208.0,48.56693649291992,209.0,296.57514047688215,401.0,341.0,617.0,540.8299178115057,0.0
202,0.0,0.0,12.659362849999525,12.606586900001275,12.626764550001099,0.025100599999859696,0.03136455000094429,0.08296384999994189,0.3543442,1.0,349.04011230802683,6.0,54.0,2.3478689193725586,55.0,50.154595620018476,401.0,341.0,617.0,349.04011230802683,0.0
203,0.0,0.0,11.911378950000653,11.799697249998644,11.821092099999078,0.05409854999925301,0.03133085000081337,0.03824535000057949,0.5016547,19.0,289.1470214268167,65.0,121.0,32.62507629394531,122.0,139.66023756736763,401.0,341.0,617.0,289.1470214268167,0.0
204,0.0,0.0,4.339317949999895,4.2655882999988535,4.340764250000575,0.02528820000043197,0.030695749999722466,0.03385640000124113,0.7908951,239.96041340187762,381.64119274522767,156.0,213.0,73.18946838378906,214.0,306.6952586254116,374.0,320.0,685.0,381.64119274522767,0.0
205,0.0,0.0,7.603155299999344,7.621577900001284,7.4973052499990445,0.02935695000087435,0.03685179999956745,0.07074840000132099,0.7106442,1.4142135623730951,218.63897182341486,85.0,178.0,17.40194320678711,179.0,70.80021610301954,374.0,320.0,685.0,218.63897182341486,0.0
206,0.0,0.0,3.571102299998529,3.612011799999891,3.5851679500010505,0.023898800000097253,0.030906149999282206,0.03598419999980251,0.5254109,11.874342087037917,182.02472359545007,52.0,99.0,17.02817726135254,95.0,97.15074917825733,374.0,320.0,685.0,182.02472359545007,0.0
207,0.0,0.0,16.71070624999993,16.55051534999984,17.007114299998648,0.027432799999587587,0.03545124999982363,0.04794765000042389,0.7474432,6.4031242374328485,402.07586348847155,61.0,187.0,10.456563949584961,188.0,131.8859500512617,374.0,320.0,685.0,402.07586348847155,0.0
208,0.0,0.0,4.233653850000337,4.334659600001032,4.316255949999686,0.049564599999939674,0.030762700000195764,0.03395125000133703,0.7773561,239.96041340187762,381.64119274522767,157.0,213.0,73.18946075439453,214.0,306.6952586254116,374.0,320.0,685.0,381.64119274522767,0.0
209,0.0,0.0,9.787656700000298,9.846671249999417,9.896551199999521,0.032529550000617746,0.040078449999782606,0.051127599999745144,0.9086526,280.80954399735066,566.5174313293458,166.0,249.0,78.36356353759766,250.0,406.17802864847357,374.0,320.0,685.0,566.5174313293458,0.0
210,0.0,0.0,1.7215482000010525,1.7375750499995775,1.7141735499990318,0.02654190000066592,0.030960100000811508,0.029052699999738252,0.6987927,148.765859575124,271.7425251961864,126.0,167.0,78.65985870361328,168.0,194.2681407183819,374.0,320.0,685.0,271.7425251961864,0.0
211,0.0,0.0,14.971072299998923,14.87732004999998,14.659485550000682,0.03550284999982978,0.03513100000054692,0.04586159999962547,0.9534547,17.4928556845359,586.3079395675961,177.0,265.0,64.72859191894531,266.0,312.70813059378423,374.0,320.0,685.0,586.3079395675961,0.0
212,0.0,0.0,7.604100200000175,7.553679250000641,7.567345299999943,0.029597099999591592,0.03694069999983185,0.054904300000998774,0.7449808,1.4142135623730951,218.63897182341486,85.0,178.0,17.401941299438477,179.0,70.80021610301951,374.0,320.0,685.0,218.63897182341486,0.0
213,0.0,0.0,9.95954189999975,9.827234849999513,9.973047249999581,0.032299849999617436,0.036583400000381516,0.05648789999941073,0.8134821,280.80954399735066,566.5174313293458,166.0,249.0,78.36356353759766,250.0,406.1780286484736,374.0,320.0,685.0,566.5174313293458,0.0
214,0.0,0.0,7.709466849999444,7.826910300000236,7.759540500001094,0.0285973499994725,0.032312149998688255,0.04542810000020836,0.4486012,35.241353421519825,321.9906830950237,49.0,103.0,14.679206848144531,104.0,159.6427686573703,374.0,320.0,685.0,321.9906830950237,0.0
215,0.0,0.0,16.44901955000023,16.275563499999407,16.14126314999885,0.03327545000138343,0.03357779999896593,0.055456950000007055,0.4314447,1.0,384.1887556917823,5.0,55.0,1.9311994314193726,56.0,59.580734057563966,374.0,320.0,685.0,384.1887556917823,0.0
216,0.0,0.0,3.543564649999098,3.505594399999609,3.5697924500000227,0.06881054999939806,0.03427844999896479,0.035716649999812944,0.4301677,11.874342087037917,182.02472359545007,52.0,99.0,17.028181076049805,95.0,97.15074917825734,374.0,320.0,685.0,182.02472359545007,0.0
217,0.0,0.0,1.6930975499999477,1.7051489999994374,1.7500132500008476,0.040474549999999,0.02731255000071542,0.028954450001037912,0.5634778,148.765859575124,271.7425251961864,126.0,167.0,78.65798950195312,168.0,194.26814071838186,374.0,320.0,685.0,271.7425251961864,0.0
218,0.0,0.0,7.793019849999837,7.743453150000278,7.74139705000016,0.025596800000130315,0.03207414999997127,0.04598749999968277,0.5634458,35.241353421519825,321.9906830950237,49.0,103.0,14.679204940795898,104.0,159.64276865737025,374.0,320.0,685.0,321.9906830950237,0.0
219,0.0,0.0,15.230143450000469,15.115716199999952,15.16798000000017,0.032441499999549706,0.033200449999640114,0.041855699999359786,0.6120955,19.672315572906,343.48362406379727,73.0,115.0,31.21710968017578,116.0,156.86092053810864,374.0,320.0,685.0,343.48362406379727,0.0
220,0.0,0.0,16.584193499998946,16.673545850000664,16.78442614999949,0.03892325000015262,0.042407499999171705,0.04834735000076762,0.6473469,6.4031242374328485,402.07586348847155,61.0,187.0,10.456563949584961,188.0,131.8859500512617,374.0,320.0,685.0,402.07586348847155,0.0
221,0.0,0.0,14.897770599998694,15.084947549999924,14.733977199999572,0.030678850000185776,0.04160864999903424,0.04583144999924116,0.8879236,17.4928556845359,586.3079395675961,176.0,265.0,64.72859191894531,266.0,312.7081305937843,374.0,320.0,685.0,586.3079395675961,0.0
222,0.0,0.0,16.388535600000978,16.290513950001696,16.313479150001513,0.08084880000023986,0.03316575000098965,0.0567109999992681,0.4577879,1.0,384.1887556917823,5.0,55.0,1.9311994314193726,56.0,59.580734057563966,374.0,320.0,685.0,384.1887556917823,0.0
223,0.0,0.0,15.102475050000066,14.964796500000375,15.06255345000136,0.06576395000047341,0.033500999999887426,0.04161070000009204,0.4911592,19.672315572906,343.48362406379727,73.0,115.0,31.217111587524414,116.0,156.86092053810856,374.0,320.0,685.0,343.48362406379727,0.0
224,0.0,0.0,2.458825049998268,2.494351050001569,2.480207300000984,0.047510450000118,0.03260835000037332,0.024259699999674922,0.4533869,144.53150174705752,283.05123211178574,75.0,119.0,24.119548797607422,120.0,218.2012052318012,391.0,319.0,605.0,283.05123211178574,0.0
225,0.0,0.0,5.2567655999991985,5.321817599999122,5.31688154999938,0.05340724999950908,0.02606239999840909,0.03857439999956114,0.4157454,2.449489742783178,223.50838910430184,17.0,94.0,4.7685699462890625,95.0,87.4794213313967,391.0,319.0,605.0,223.50838910430184,0.0
226,0.0,0.0,2.0493788499989023,2.22248270000091,2.1506029499996657,0.05691415000001143,0.023164750000432832,0.02799349999986589,0.4985692,1.4142135623730951,146.2087548678259,48.0,86.0,16.178298950195312,87.0,70.34801950064838,391.0,319.0,605.0,146.2087548678259,0.0
227,0.0,0.0,11.873200300000462,11.769070399999691,11.986904100000174,0.0739333000001352,0.02966854999976931,0.03867914999864297,0.5239252,11.180339887498949,311.656862590895,32.0,123.0,6.939295768737793,120.0,128.5774712431215,391.0,319.0,605.0,311.656862590895,0.0
228,0.0,0.0,2.417461249999178,2.4673098500006745,2.478463350000311,0.078831299999365,0.022020599999450496,0.024185750000469852,0.5917202,144.53150174705752,283.05123211178574,75.0,119.0,24.236600875854492,120.0,218.20120523180117,391.0,319.0,605.0,283.05123211178574,0.0
229,0.0,0.0,6.714941199999885,6.684833049999725,6.660910849999709,0.03583914999944682,0.02769059999991441,0.03658779999932449,0.5962694,249.80192152983932,500.44979768204524,92.0,153.0,36.84459686279297,154.0,343.7314347474812,391.0,319.0,605.0,500.44979768204524,0.0
230,0.0,0.0,1.4764642999998614,1.5050694000001386,1.5366707499997574,0.0336211000012554,0.028094850000343286,0.020243749999281135,0.542217,113.11056537742175,244.3296952889681,93.0,126.0,35.32367706298828,127.0,167.84185310690506,391.0,319.0,605.0,244.3296952889681,0.0
231,0.0,0.0,10.85786625000037,10.83532815000035,10.82598820000021,0.023289050001039868,0.029666699998415424,0.03686725000079605,0.7084005,10.954451150103322,512.6509533786121,119.0,174.0,39.117225646972656,175.0,257.7931341487069,391.0,319.0,605.0,512.6509533786121,0.0
232,0.0,0.0,5.238071199999467,5.235911800000395,5.241433750001306,0.07987089999915042,0.026157149999562535,0.0565165000007255,0.4628125,2.449489742783178,223.50838910430184,17.0,94.0,4.7685699462890625,95.0,87.47942133139664,391.0,319.0,605.0,223.50838910430184,0.0
233,0.0,0.0,6.982674249999036,6.481444150000243,6.584014600000955,0.06421040000168432,0.027473149999423185,0.03657080000084534,0.5731169,249.80192152983932,500.44979768204524,91.0,153.0,36.84459686279297,154.0,343.7314347474813,391.0,319.0,605.0,500.44979768204524,0.0
234,0.0,0.0,4.819415949999893,4.779143499999918,4.80096389999926,0.06546259999959148,0.025243500000215136,0.03488834999916435,0.5281568,22.135943621178654,279.8642528083928,38.0,92.0,11.822956085205078,94.0,122.93120850251348,391.0,319.0,605.0,279.8642528083928,0.0
235,0.0,0.0,11.390757799999847,11.395620049999707,11.472522850001042,0.08385215000089374,0.026071750000483007,0.042886199998974917,0.3583341,1.0,348.8122704263713,6.0,49.0,2.253918409347534,50.0,62.87707328817282,391.0,319.0,605.0,348.8122704263713,0.0
236,0.0,0.0,2.113112249999176,2.034163100001024,2.0950773499989737,0.05021665000094799,0.02305415000046196,0.026595400000587688,0.3812267,1.4142135623730951,146.2087548678259,48.0,86.0,16.17609405517578,87.0,70.34801950064836,391.0,319.0,605.0,146.2087548678259,0.0
237,0.0,0.0,1.4293584000006376,1.4706796499995107,1.4732892000010906,0.04341154999929131,0.027212599999984377,0.020983550000892137,0.4841792,113.11056537742175,244.3296952889681,93.0,126.0,35.32367706298828,127.0,167.84185310690503,391.0,319.0,605.0,244.3296952889681,0.0
238,0.0,0.0,4.860617000000275,4.7974413499996444,4.862867249999908,0.04038774999935413,0.02525814999899012,0.03496879999875091,0.4634473,22.135943621178654,279.8642528083928,38.0,92.0,11.85084056854248,94.0,122.93120850251353,391.0,319.0,605.0,279.8642528083928,0.0
239,0.0,0.0,10.81545874999938,10.903430700000172,10.808726549999847,0.022531099999469006,0.034173999998529325,0.036490349999439786,0.6523056,16.06237840420901,306.1127243353337,64.0,137.0,29.117321014404297,138.0,129.76496975385865,391.0,319.0,605.0,306.1127243353337,0.0
240,0.0,0.0,11.981892349998816,11.901681600000302,11.57201465000071,0.03229085000020859,0.02823519999947166,0.038651449998724274,0.5420408,11.180339887498949,311.656862590895,32.0,123.0,6.939295291900635,120.0,128.57747124312147,391.0,319.0,605.0,311.656862590895,0.0
241,0.0,0.0,10.738824599999134,10.774770800000624,10.853419549999671,0.022986299998592585,0.02891540000018722,0.0444803000009415,0.5937437,10.954451150103322,512.6509533786121,120.0,174.0,39.11712646484375,175.0,257.7931341487068,391.0,319.0,605.0,512.6509533786121,0.0
242,0.0,0.0,11.662058600000819,11.662510200001634,11.63554479999948,0.046324400000230526,0.02673800000047777,0.047114550001424504,0.2925873,1.0,348.8122704263713,6.0,49.0,2.253918409347534,50.0,62.87707328817276,391.0,319.0,605.0,348.8122704263713,0.0
243,0.0,0.0,11.035077050000837,11.043099400001665,10.995281199999226,0.022921449999557808,0.03412825000123121,0.03654964999986987,0.5434437,16.06237840420901,306.1127243353337,63.0,137.0,29.11732292175293,138.0,129.76496975385865,391.0,319.0,605.0,306.1127243353337,0.0
244,0.0,0.0,2.6686515000001236,2.6823284500005684,2.659636149999642,0.07750995000060357,0.020837300000493997,0.02484329999970214,0.4618205,199.42683103913456,347.2909443103865,124.0,166.0,64.70683288574219,167.0,275.13153778341933,344.0,326.0,466.0,347.2909443103865,0.0
245,0.0,0.0,3.539359849999528,3.586203849999947,3.5667417500008014,0.0590092000002187,0.022182700000485056,0.029802799999743,0.5673384,1.0,142.92655456562298,103.0,158.0,16.870168685913086,159.0,47.036431074919655,344.0,326.0,466.0,142.92655456562298,0.0
246,0.0,0.0,2.229691249998723,2.2660474000003887,2.2379274999984773,0.026236300000164192,0.019805149999228888,0.02374095000050147,0.4384949,4.123105625617661,144.89306401619092,60.0,91.0,18.952301025390625,92.0,75.38457099722585,344.0,326.0,466.0,144.89306401619092,0.0
247,0.0,0.0,10.70560210000076,10.667127550001169,10.668369250000978,0.027593300001171883,0.02347765000013169,0.031779999999344,0.5728773,4.0,367.877697067925,98.0,175.0,15.55820369720459,176.0,115.8129742967802,344.0,326.0,466.0,367.877697067925,0.0
248,0.0,0.0,2.6761303000002954,2.641013649999877,2.716872249999142,0.026177050000114832,0.020766999999977998,0.024653300000863965,0.5351085,199.42683103913456,347.2909443103865,124.0,166.0,65.05976104736328,167.0,275.13153778341933,344.0,326.0,466.0,347.2909443103865,0.0
249,0.0,0.0,6.137155549999079,6.227731999999378,6.198023450000619,0.03252925000015239,0.022690050000164774,0.02628865000042424,0.5549446,252.5806683021815,388.240904594042,124.0,164.0,61.88922882080078,165.0,326.04052430410115,344.0,326.0,466.0,388.240904594042,0.0
250,0.0,0.0,1.0956752999991295,1.1729748500001733,1.138497149999239,0.046684050001204014,0.017975900000237743,0.017986649998420035,0.4434014,143.47473645210155,243.41528300416965,74.0,102.0,43.316795349121094,103.0,183.69059156125138,344.0,326.0,466.0,243.41528300416965,0.0
251,0.0,0.0,10.176423799999611,10.326617450000413,10.227103450000868,0.07442749999972875,0.02354494999963208,0.029461250000167638,0.6150809,8.774964387392123,394.93923583255184,123.0,182.0,44.94626235961914,183.0,174.05415254499158,344.0,326.0,466.0,394.93923583255184,0.0
252,0.0,0.0,3.568387999999686,3.5523722500001895,3.5849703999992926,0.01879949999965902,0.02184560000023339,0.02938814999833994,0.5068508,1.0,142.92655456562298,103.0,158.0,16.870328903198242,159.0,47.03643107491966,344.0,326.0,466.0,142.92655456562298,0.0
253,0.0,0.0,6.317233849998956,6.17007354999987,6.1817586999986815,0.018915549999292125,0.02792820000104257,0.02643385000010312,0.4541117,252.5806683021815,388.240904594042,124.0,164.0,61.86219787597656,165.0,326.04052430410104,344.0,326.0,466.0,388.240904594042,0.0
254,0.0,0.0,3.89872964999995,3.889141150000796,3.866665550000107,0.06906709999930172,0.018472150000889087,0.02402549999897019,0.3497371,42.77849927241488,183.4202824117333,48.0,84.0,15.763812065124512,85.0,106.11454971269109,344.0,326.0,466.0,183.4202824117333,0.0
255,0.0,0.0,10.642168150001453,10.59035700000095,10.662095149999004,0.05470849999983329,0.017484300000432995,0.02901774999918416,0.2451059,1.0,375.17196057274856,8.0,23.0,2.278076171875,24.0,97.87045733459868,344.0,326.0,466.0,375.17196057274856,0.0
256,0.0,0.0,2.1539039499984938,2.2178094999999303,2.240085599998565,0.03922229999989213,0.019840049999402254,0.024586150000686757,0.4220007,4.123105625617661,144.89306401619092,60.0,91.0,18.952205657958984,92.0,75.38457099722586,344.0,326.0,466.0,144.89306401619092,0.0
257,0.0,0.0,1.1010694499982492,1.1443750500002352,1.155716350000148,0.04869760000110546,0.03145320000112406,0.019307449998450466,0.3947908,143.47473645210155,243.41528300416965,74.0,102.0,43.316795349121094,103.0,183.69059156125138,344.0,326.0,466.0,243.41528300416965,0.0
258,0.0,0.0,3.868335400000433,3.8250513000002684,3.8276668999988033,0.0720014500002435,0.018273749999934807,0.028978149999602465,0.3310548,42.77849927241488,183.4202824117333,47.0,84.0,15.770814895629883,85.0,106.11454971269107,344.0,326.0,466.0,183.4202824117333,0.0
259,0.0,0.0,10.371642500000235,10.507852750000893,10.436701450000328,0.024527399998987676,0.020762800000738935,0.026967899999363,0.3425577,19.390719429665317,268.19768828235635,56.0,100.0,25.701461791992188,101.0,109.38907714137017,344.0,326.0,466.0,268.19768828235635,0.0
260,0.0,0.0,10.739059150000685,10.801955549999548,10.676351750000322,0.018585850000818027,0.02335780000066734,0.03369225000096776,0.512929,4.0,367.877697067925,98.0,175.0,15.55820369720459,176.0,115.81297429678023,344.0,326.0,466.0,367.877697067925,0.0
261,0.0,0.0,10.167865299999903,10.301488650000465,10.293931500000326,0.062277450000692625,0.023500650000642054,0.029403550001006806,0.6342558,8.774964387392123,394.93923583255184,122.0,182.0,44.94626235961914,183.0,174.05415254499167,344.0,326.0,466.0,394.93923583255184,0.0
262,0.0,0.0,10.583624599999894,10.594758249999359,10.655900300000212,0.05787109999982931,0.017794950001189136,0.029232549999505864,0.2931273,1.0,375.17196057274856,8.0,23.0,2.2781150341033936,24.0,97.87045733459874,344.0,326.0,466.0,375.17196057274856,0.0
263,0.0,0.0,10.418316200000845,10.538983899999948,10.442315999998755,0.0791898499992385,0.020746750000398606,0.02781114999925194,0.3825833,19.390719429665317,268.19768828235635,56.0,100.0,25.62900733947754,101.0,109.38907714137017,344.0,326.0,466.0,268.19768828235635,0.0
264,0.0,0.0,2.466660250000132,2.5055240000001504,2.4502215499996964,0.03612185000019963,0.02345170000080543,0.025400799999260926,0.6286244,221.5970396806374,351.16520328756945,141.0,188.0,69.17013549804688,194.0,291.02953573046557,369.0,273.0,653.0,351.16520328756945,0.0
265,0.0,0.0,4.941317299999355,4.930544900000314,4.928076400001373,0.07112525000047754,0.029021050000665127,0.04450879999967583,0.5611817,1.7320508075688772,230.68159874597714,65.0,151.0,14.171514511108398,150.0,82.13504152859026,369.0,273.0,653.0,230.68159874597714,0.0
266,0.0,0.0,2.1780811499993433,2.159078099999533,2.1983004000012443,0.04515489999903366,0.023132250000344357,0.026469999998880667,0.3804416,2.8284271247461903,152.9117392484959,55.0,98.0,18.747718811035156,99.0,72.40621657850481,369.0,273.0,653.0,152.9117392484959,0.0
267,0.0,0.0,12.112643849999586,12.223285149999356,12.213902000001326,0.022163100000398117,0.029037849999440368,0.039208899999721325,0.6074805,5.385164807134504,367.464283978729,84.0,180.0,15.1804780960083,180.0,136.94436433810054,369.0,273.0,653.0,367.464283978729,0.0
268,0.0,0.0,2.50135070000033,2.4891977999996016,2.597758050000266,0.07566165000025649,0.023524250000264146,0.02618339999935415,0.5545986,221.5970396806374,351.16520328756945,139.0,188.0,69.17013549804688,194.0,291.0295357304655,369.0,273.0,653.0,351.16520328756945,0.0
269,0.0,0.0,7.017554850001034,6.898503300000812,6.9168546500004595,0.060632349999650614,0.034311599998545717,0.06459300000096846,0.6304047,293.86210371503597,571.0639193645488,156.0,225.0,83.44696807861328,226.0,412.39018713463105,369.0,273.0,653.0,571.0639193645488,0.0
270,0.0,0.0,1.2806419000007736,1.368287600000258,1.249605099999826,0.05655635000039183,0.02203544999974838,0.023236949999045464,0.5677623,169.73086045359275,271.9944852382121,119.0,152.0,65.58965301513672,154.0,213.60146559610564,369.0,273.0,653.0,271.9944852382121,0.0
271,0.0,0.0,11.789774000000762,11.918818250000186,11.923996550000084,0.0488092499999766,0.0352862500003539,0.04089849999945727,0.8794847,14.177446878757825,596.496437541751,192.0,277.0,75.50138854980469,290.0,329.7201466562547,369.0,273.0,653.0,596.496437541751,0.0
272,0.0,0.0,4.981820400000288,4.987072699999771,5.0111952500010375,0.08539884999845526,0.029220349999377504,0.056359649999649264,0.6341525,1.7320508075688772,230.68159874597714,65.0,151.0,14.171516418457031,150.0,82.13504152859026,369.0,273.0,653.0,230.68159874597714,0.0
273,0.0,0.0,7.027865849999216,6.910168450000128,6.926534099999117,0.06359379999958037,0.034638799999811454,0.06378549999863026,0.6878881,293.86210371503597,571.0639193645488,156.0,225.0,83.44696044921875,226.0,412.39018713463105,369.0,273.0,653.0,571.0639193645488,0.0
274,0.0,0.0,5.517903550000483,5.478423549999206,5.426414400000795,0.0306670000009035,0.02812150000136171,0.04118279999966035,0.506817,33.31666249791537,318.8432216623085,48.0,107.0,15.67855453491211,110.0,155.6553808990576,369.0,273.0,653.0,318.8432216623085,0.0
275,0.0,0.0,13.18029745000058,13.220033350000449,13.308980550000342,0.037889149998591165,0.030247550001149648,0.0510801000000356,0.5128925,1.0,374.949329910056,5.0,92.0,2.27986216545105,102.0,55.91937426693776,369.0,273.0,653.0,374.949329910056,0.0
276,0.0,0.0,2.14810849999958,2.2249652999998943,2.17332714999975,0.04538565000075323,0.023190850000901264,0.026305800000045565,0.4921223,2.8284271247461903,152.9117392484959,55.0,98.0,18.747716903686523,99.0,72.40621657850484,369.0,273.0,653.0,152.9117392484959,0.0
277,0.0,0.0,1.2688886999985698,1.3580120500009798,1.3322984999995242,0.044024949998856755,0.032249249999949825,0.021058799999082112,0.462314,169.73086045359275,271.9944852382121,119.0,152.0,65.58966064453125,154.0,213.60146559610567,369.0,273.0,653.0,271.9944852382121,0.0
278,0.0,0.0,5.433273900000131,5.4865895500006445,5.403883400000268,0.08337059999939811,0.028017250000630156,0.03999934999956167,0.4932187,33.31666249791537,318.8432216623085,48.0,107.0,15.67855453491211,110.0,155.6553808990576,369.0,273.0,653.0,318.8432216623085,0.0
279,0.0,0.0,12.193252700000812,12.117490549999275,12.19309985000109,0.07404055000006338,0.029714250000324682,0.03744025000014517,0.7183792,15.264337522473747,348.0890690613539,78.0,188.0,37.234371185302734,190.0,162.13741531031351,369.0,273.0,653.0,348.0890690613539,0.0
280,0.0,0.0,12.299177000000782,12.578429099999994,12.179387149999457,0.033914050000021234,0.02926119999938237,0.03926934999981313,0.5621101,5.385164807134504,367.464283978729,84.0,180.0,15.180037498474121,180.0,136.94436433810057,369.0,273.0,653.0,367.464283978729,0.0
281,0.0,0.0,11.837650700001177,11.693122700000458,11.836888550000367,0.027673349999531638,0.033656100000371225,0.04067804999976943,0.819826,14.177446878757825,596.496437541751,193.0,280.0,75.51529693603516,290.0,329.7201466562549,369.0,273.0,653.0,596.496437541751,0.0
282,0.0,0.0,13.168965150000076,13.165970699999889,13.11853014999906,0.03253659999973024,0.0329378500009625,0.05109140000058687,0.5029434,1.0,374.949329910056,5.0,92.0,2.27986216545105,102.0,55.91937426693775,369.0,273.0,653.0,374.949329910056,0.0
283,0.0,0.0,12.06391270000131,12.000185500000953,12.0518706999992,0.022489350001706043,0.029763100001218845,0.03735930000038934,0.7480166,15.264337522473747,348.0890690613539,80.0,188.0,37.29147720336914,190.0,162.13741531031343,369.0,273.0,653.0,348.0890690613539,0.0
284,0.0,0.0,3.6033730500003003,3.612245399999665,3.570885850000195,0.029646400000274298,0.034367799999017734,0.03866294999897946,0.9621648,166.34053324042017,292.59357477566044,202.0,250.0,110.58197784423828,251.0,228.29983254511305,401.0,356.0,609.0,292.59357477566044,0.0
285,0.0,0.0,10.094807700001184,9.94092030000138,9.921729599998798,0.04330744999970193,0.040354949998800294,0.059582249999948544,0.8487538,4.123105625617661,231.73044685582428,128.0,214.0,31.386157989501953,215.0,92.48706451194667,401.0,356.0,609.0,231.73044685582428,0.0
286,0.0,0.0,3.646318450000763,3.667304200000217,3.6382517499987443,0.03130160000000615,0.035320650000358,0.03991119999955117,0.6519699,4.47213595499958,160.86329600005092,108.0,145.0,36.5739631652832,146.0,78.18795687088198,401.0,356.0,609.0,160.86329600005092,0.0
287,0.0,0.0,19.828753800000413,19.72496289999981,19.33951745000013,0.03051929999855929,0.03779419999773381,0.052119500000117114,0.9755038,10.816653826391969,341.39420030223124,141.0,255.0,24.574703216552734,256.0,142.1277304545683,401.0,356.0,609.0,341.39420030223124,0.0
288,0.0,0.0,3.6029889499986893,3.7039764000001014,3.535645649997605,0.029568750000180444,0.03377150000233087,0.038086349999503,0.939908,166.34053324042017,292.59357477566044,202.0,250.0,110.58197021484375,251.0,228.299832545113,401.0,356.0,609.0,292.59357477566044,0.0
289,0.0,0.0,9.159284500001377,9.061950299997989,9.026652300002752,0.031197300002531847,0.035693000001629116,0.060668750000331784,0.8236006,238.43347709351335,494.6453274822274,145.0,209.0,77.64325714111328,210.0,342.99335271891994,401.0,356.0,609.0,494.6453274822274,0.0
290,0.0,0.0,1.482089500001166,1.505542200000491,1.4991612999983772,0.03512630000113859,0.027925549999054056,0.026622299999871757,0.6504993,117.42440696740815,214.8906698765677,114.0,144.0,75.43905639648438,145.0,163.06048121888153,401.0,356.0,609.0,214.8906698765677,0.0
291,0.0,0.0,17.40203449999899,17.29742924999664,17.363978600002156,0.026295150000805734,0.03950835000068764,0.04258565000054659,0.8788651,18.138357147217054,533.1997749436885,149.0,251.0,54.01496505737305,252.0,294.17399877105373,401.0,356.0,609.0,533.1997749436885,0.0
292,0.0,0.0,10.104250399999728,9.984064199998102,9.951276699997834,0.05059795000124723,0.04074859999673208,0.05853835000016261,0.8695381,4.123105625617661,231.73044685582428,128.0,214.0,31.386159896850586,215.0,92.4870645119467,401.0,356.0,609.0,231.73044685582428,0.0
293,0.0,0.0,9.202267550001125,8.983337900001061,9.18038345000241,0.03155114999754005,0.03538374999698135,0.049812449997261865,0.78674,238.43347709351335,494.6453274822274,145.0,209.0,77.64325714111328,210.0,342.99335271892005,401.0,356.0,609.0,494.6453274822274,0.0
294,0.0,0.0,7.350779299998976,7.381149699998787,7.268788849996781,0.02455375000135973,0.03151559999969322,0.04484249999950407,0.4429347,38.40572873934304,306.17968580557397,44.0,94.0,15.041708946228027,97.0,147.11052499443818,401.0,356.0,609.0,306.17968580557397,0.0
295,0.0,0.0,18.764337599997816,18.73696270000073,18.778125799999543,0.03815854999993462,0.03342215000157012,0.07222449999972014,0.35457,1.0,331.1932970336205,10.0,48.0,2.830047369003296,49.0,51.94080873107029,401.0,356.0,609.0,331.1932970336205,0.0
296,0.0,0.0,3.7285491000002366,3.663283150002826,3.7701380500002415,0.03077789999952074,0.0350295999996888,0.039690500001597684,0.713169,4.47213595499958,160.86329600005092,108.0,145.0,36.57396697998047,146.0,78.18795687088196,401.0,356.0,609.0,160.86329600005092,0.0
297,0.0,0.0,1.472529399998166,1.4767956499999855,1.5450566500003333,0.0647189499977685,0.025188399999024114,0.02646104999803356,0.5516757,117.42440696740815,214.8906698765677,114.0,144.0,75.43905639648438,145.0,163.0604812188816,401.0,356.0,609.0,214.8906698765677,0.0
298,0.0,0.0,7.314223999997921,7.353078399999504,7.337089399999968,0.024967050001578173,0.03165110000190907,0.044825850000052014,0.5694794,38.40572873934304,306.17968580557397,44.0,94.0,15.041707992553711,97.0,147.11052499443815,401.0,356.0,609.0,306.17968580557397,0.0
